{
  "accuracy": 0.856,
  "precision": 0.5,
  "recall": 0.027777777777777776,
  "f1_score": 0.05263157894736842,
  "roc_auc": 0.7062646028037383,
  "confusion_matrix": {
    "true_negative": 1704,
    "false_positive": 8,
    "false_negative": 280,
    "true_positive": 8
  },
  "additional_metrics": {
    "specificity": 0.9953271028037384,
    "sensitivity": 0.027777777777777776,
    "false_positive_rate": 0.004672897196261682,
    "false_negative_rate": 0.9722222222222222
  },
  "classification_report": {
    "0": {
      "precision": 0.8588709677419355,
      "recall": 0.9953271028037384,
      "f1-score": 0.922077922077922
    },
    "1": {
      "precision": 0.5,
      "recall": 0.027777777777777776,
      "f1-score": 0.05263157894736842
    }
  },
  "training_time": 0.37389492988586426,
  "data_size": 10000,
  "test_size": 2000,
  "feature_importance": {
    "edad": 0.052271295338869095,
    "sexo": 0.07719530165195465,
    "estado_civil": 0.043542180210351944,
    "nacionalidad": 0.06165296211838722,
    "nivel_educativo": 0.0532129667699337,
    "ingresos_mensuales": 0.2122640460729599,
    "ocupacion": 0.05041735991835594,
    "nivel_riesgo_crediticio": 0.36362820863723755,
    "tarjeta_credito": 0.08581563085317612
  }
}